id,is_complaint
1133434530046144_1138118279577769,Others
1762593227363810_1762933900663076,Others
1762593227363810_1762968170659649,Others
147351511955143_10210500025606258,Others
1133434530046144_1139215276134736,Others
1265688916788058_1266810953342521,Complaint
1133434530046144_1139225876133676,Others
1133434530046144_1139258592797071,Others
1265688916788058_1266670663356550,Complaint
1260162230674060_1268437116513238,Others
1762593227363810_1762999943989805,Others
1762593227363810_1763057460650720,Others
1133434530046144_1139272356129028,Others
1253542021336081_1254874181202865,Others
1253769267980023_1254187997938150,Others
1260162230674060_1268511016505848,Others
2080050112220417_2080062868885808,Complaint
229224430810346_229227674143355,Others
1188474057861499_1188475174528054,Complaint
1265688916788058_1267004693323147,Others
10208236866692043_10208245085617511,Others
1188474057861499_1188510651191173,Others
1188474057861499_1188722654503306,Others
1265688916788058_1267048326652117,Others
1265688916788058_1267050033318613,Complaint
1265688916788058_1267070616649888,Others
1265688916788058_1267071056649844,Complaint
1265688916788058_1267071479983135,Others
1291747354182214_1293202844036665,Complaint
1257720247584925_1263272970362986,Others
10208236866692043_10208245088017571,Others
1265688916788058_1267154789974804,Others
1291747354182214_1293244337365849,Others
603278749857265_603287679856372,Others
1253542021336081_1256328601057423,Others
1255602631130020_1255609767795973,Others
1265688916788058_1267758823247734,Complaint
1265688916788058_1267832023240414,Complaint
1291747354182214_1293192190704397,Complaint
1291747354182214_1292499860773630,Others
1265688916788058_1267848536572096,Others
1265688916788058_1267848716572078,Others
147351511955143_603278749857265,Complaint
1291747354182214_1293369194020030,Complaint
147351511955143_1266229200067363,Complaint
1265688916788058_1268274876529462,Others
1265688916788058_1268396386517311,Others
1265688916788058_1268789939811289,Others
1255602631130020_1255602981129985,Others
1257727134250903_1257733554250261,Others
1255602631130020_1257026267654323,Complaint
147351511955143_313041142418439,Others
147351511955143_1256250697731880,Complaint
1253542021336081_1256600501030233,Others
1253542021336081_1257289800961303,Others
1265688916788058_1270532002970416,Others
1265688916788058_1270844396272510,Complaint
1265688916788058_1270871902936426,Complaint
1265688916788058_1270873822936234,Others
1263370873686529_1266207133402903,Complaint
1265688916788058_1271691516187798,Complaint
1223877790970089_1223878344303367,Others
147351511955143_119839861792931,Others
1256097007747249_1258678020822481,Complaint
1291747354182214_1292481794108770,Complaint
1223877790970089_1223963197628215,Others
1255723957784554_1256189174404699,Others
1263370873686529_1266237663399850,Others
1223877790970089_1224194920938376,Others
147351511955143_1262627267094223,Others
1252489318108018_1252670064756610,Others
1252489318108018_1252749448082005,Others
1252489318108018_1252813214742295,Others
1252489318108018_1255735464450070,Others
1252489318108018_1255877307769219,Others
1252489318108018_1255891661101117,Others
1252489318108018_1255903067766643,Others
1252489318108018_1256052877751662,Others
1252500508106899_1252675928089357,Others
1252500508106899_1252676298089320,Others
1255602631130020_1256162061074077,Others
1255602631130020_1255912411099042,Complaint
1252500508106899_1252955458061404,Others
1252500508106899_1252981678058782,Others
1252500508106899_1253165724707044,Others
1252500508106899_1253908741299409,Complaint
1252500508106899_1254024394621177,Others
1252505391439744_1252514514772165,Others
1252554958101454_1252791694744447,Others
147351511955143_1265410610149222,Complaint
1252585734765043_1252798051410478,Others
1252585734765043_1252922871397996,Others
1252585734765043_1252938638063086,Others
1252585734765043_1252998491390434,Complaint
1252585734765043_1253035761386707,Complaint
1252585734765043_1253122928044657,Complaint
1252585734765043_1253130121377271,Others
1252585734765043_1253156234707993,Others
1252585734765043_1253181201372163,Others
1252585734765043_1253257654697851,Others
1252585734765043_1253368391353444,Others
1255602631130020_1255675794456037,Others
1252585734765043_1253406558016294,Others
1252585734765043_1253408601349423,Complaint
1252585734765043_1259418367415113,Others
1252744201415863_1252747878082162,Others
1252744201415863_1252750031415280,Complaint
1252744201415863_1252750261415257,Complaint
1252744201415863_1252885194735097,Others
1252744201415863_1252904471399836,Others
1252744201415863_1254933884530228,Others
1252754724748144_1252815724742044,Others
1252754724748144_1252839191406364,Others
1252754724748144_1252853681404915,Others
1252754724748144_1252857031404580,Others
1252760741414209_1252818788075071,Others
1252760741414209_1252820424741574,Others
147351511955143_1265441030146180,Complaint
1252791988077751_1252823981407885,Others
147351511955143_1265452460145037,Others
1257032337653716_1257687330921550,Complaint
147351511955143_1265477136809236,Complaint
1291747354182214_1293354937354789,Others
1252832234740393_1252858611404422,Others
1253769267980023_1255050267851923,Others
147351511955143_1290443127645970,Complaint
1255602631130020_1255655747791375,Others
1257727674250849_1260673047289645,Others
1257032337653716_1257687534254863,Others
1252833878073562_1252852631405020,Others
1257727674250849_1260674670622816,Complaint
1281614458528837_1282538248436458,Others
1252839838072966_1252860518070898,Others
147351511955143_103647716743088,Others
1257734890916794_1257738820916401,Others
1260923527264597_1261249320565351,Others
1252887254734891_1252903331399950,Others
1260944347262515_1261271610563122,Others
1257032337653716_1257687767588173,Complaint
1260982690592014_1261371013886515,Others
147351511955143_1270790662944550,Complaint
147351511955143_1262560947100855,Others
1281614458528837_1282317585125191,Complaint
10153946994316872_10153949275121872,Others
1257977017559248_1258176367539313,Others
1255152121175071_1256784457678504,Others
1257740387582911_1260594460630837,Others
1256306327726317_1256472271043056,Others
1260162230674060_1268417763181840,Others
147351511955143_1281811561842460,Others
1277215755635374_1280574891966127,Others
1256308334392783_1256349631055320,Others
10154360746994699_10154361340374699,Others
10154360746994699_10154361474914699,Others
1281614458528837_1282538311769785,Others
1201997346519287_1202000109852344,Others
147351511955143_1291398824217067,Complaint
1257740387582911_1260814160608867,Complaint
1255152121175071_1255922541098029,Others
1201997346519287_1202051793180509,Others
1259586690731614_1259602624063354,Others
1256171481073135_1256215304402086,Others
1256171481073135_1256218131068470,Complaint
1256171481073135_1256249207732029,Others
1255152121175071_1255817277775222,Others
1255152121175071_1256596057697344,Others
147351511955143_1291039577586325,Others
1291530377537245_1291575730866043,Others
147351511955143_1291300844226865,Others
1398737476833585_1400221623351837,Others
1265108776846072_1265326143491002,Others
1255152121175071_1256586714364945,Complaint
1129216710486279_1131572230250727,Others
147351511955143_1255152121175071,Complaint
1256327791057504_1256334224390194,Others
147351511955143_1265495846807365,Complaint
147351511955143_1265484473475169,Complaint
1257740387582911_1260996420590641,Others
1255152121175071_1256596924363924,Others
1255152121175071_1255287294494887,Others
1256368514386765_1256661757690774,Others
1256186091071674_1256218347735115,Others
1256176097739340_1256281664395450,Others
1256178677739082_1256217001068583,Others
1252845184739098_1252860494737567,Others
147351511955143_929924953778685,Others
147351511955143_10154127066770660,Others
147351511955143_10209647563403792,Others
147351511955143_1262323290457954,Others
147351511955143_1291058294251120,Complaint
147351511955143_1291263517563931,Others
147351511955143_1291345404222409,Others
147351511955143_1254915431198740,Complaint
1255602631130020_1256420591048224,Others
147351511955143_1254988071191476,Complaint
147351511955143_1291234364233513,Others
147351511955143_1291306154226334,Others
1255639404459676_1255670934456523,Others
1255639404459676_1255739744449642,Others
10209280370060682_10209284084273535,Others
147351511955143_1262726133751003,Others
147351511955143_1265517453471871,Complaint
1265080820182201_1265111933512423,Others
10153860954386482_10153861235426482,Complaint
147351511955143_1265602406796709,Complaint
1277419918948291_1279849448705338,Complaint
1291747354182214_1292535097436773,Complaint
1254790557877894_1254843847872565,Others
1257740387582911_1262939213729695,Others
147351511955143_1270834186273531,Complaint
10154183818965067_10154184131470067,Complaint
1291747354182214_1293255514031398,Complaint
10154558304001178_10154558913316178,Others
147351511955143_1270992522924364,Others
1257740387582911_1263576213665995,Complaint
1257740387582911_1263593310330952,Others
1252857271404556_1253055178051432,Others
1079999892087523_1080388352048677,Others
147351511955143_1270554922968124,Complaint
147351511955143_1270854832938133,Complaint
1270931929597090_1270936062930010,Others
1254425821247701_1254824774541139,Others
1254425821247701_1256240147732935,Others
10209253987613940_10209253994134103,Others
147351511955143_1270780666278883,Others
147351511955143_1270881359602147,Others
1275827252440891_1275919295765020,Others
1252857271404556_1254835627873387,Others
147351511955143_1252953351394948,Complaint
147351511955143_1253139814709635,Others
1281614458528837_1282535281770088,Others
1265080820182201_1265112443512372,Complaint
147351511955143_1262569887099961,Complaint
147351511955143_1288451547845128,Others
1261954040494879_1261970223826594,Others
1252861358070814_1252869398070010,Others
147351511955143_1265655016791448,Others
147351511955143_230343857360736,Others
1257032337653716_1258506164173000,Others
1257032337653716_1258488760841407,Complaint
1252861358070814_1252882004735416,Complaint
1252861358070814_1252882488068701,Others
1265688916788058_1275404092483207,Others
1255639404459676_1255742937782656,Others
1281559101867706_1281717138518569,Others
1149910411722164_1149922215054317,Others
147351511955143_1253453338011616,Complaint
1270946996262250_1276414115715538,Others
1265688916788058_1275725135784436,Complaint
1270754382948178_1270771212946495,Others
10153586595306036_10153586600011036,Complaint
1252861358070814_1252893431400940,Others
1281614458528837_1282537735103176,Others
1252861358070814_1252897948067155,Others
147351511955143_1266935063330110,Complaint
1269449406412009_1270144036342546,Others
1160807477309533_1160823237307957,Others
1043770545677918_1044419188946387,Others
1275848122438804_1279879758702307,Others
1277445472279069_1278970905459859,Others
147351511955143_1265531233470493,Others
10202029138365465_10202030672083807,Others
10153756092437694_10153756595652694,Others
1265688916788058_1275194705837479,Others
1252873851402898_1253073381382945,Others
147351511955143_1253086584714958,Complaint
1265688916788058_1275368352486781,Others
1265688916788058_1275399615816988,Others
1274882582535358_1275582555798694,Complaint
147351511955143_1270795836277366,Complaint
1266904119999871_1267116326645317,Others
147351511955143_1269430739747209,Complaint
1265090613514555_1265093466847603,Complaint
147351511955143_1269449406412009,Complaint
147351511955143_1265484780141805,Complaint
1265484780141805_1265587370131546,Others
1252873851402898_1258486704174946,Others
1252873851402898_1258494797507470,Others
1252878174735799_1252880204735596,Others
1252878174735799_1252898581400425,Others
1252878174735799_1252990694724547,Others
1265688916788058_1274942389196044,Complaint
147351511955143_1254193047937645,Complaint
1252878174735799_1253122221378061,Others
1265688916788058_1275016145855335,Others
1264806190209664_1264892883534328,Complaint
1160807477309533_1160853700638244,Others
147351511955143_1270818329608450,Others
1254326934590923_1254327001257583,Others
147351511955143_1262093567147593,Complaint
1255662001124083_1255667624456854,Others
10209280370060682_10209283123289511,Others
1264806190209664_1265001003523516,Others
1274882582535358_1274991999191083,Others
1265080820182201_1265112040179079,Complaint
1156439154413032_1156488024408145,Others
1254326934590923_1254546087902341,Others
1254257274597889_1254257681264515,Others
1274793472544269_1275560259134257,Others
1254326934590923_1254547184568898,Others
1254326934590923_1254547231235560,Complaint
147351511955143_1262282987128651,Others
1262028103820806_1262654680424815,Others
1262002357156714_1262626740427609,Others
1257032337653716_1258769434146673,Complaint
1252880281402255_1252890418067908,Others
147351511955143_1130995633655606,Others
1275915125765437_1275916999098583,Others
10205046230554331_10205049407953764,Others
1264806190209664_1265021250188158,Complaint
147351511955143_1254120284611588,Others
147351511955143_1732097320385800,Complaint
1261985460491737_1262652597091690,Others
1264806190209664_1265112296845720,Complaint
1264806190209664_1265260143497602,Others
1270843722939244_1270856696271280,Others
1264806190209664_1265262566830693,Complaint
1264806190209664_1265355523488064,Others
1275915125765437_1276010065755943,Others
1264806190209664_1265607206796229,Others
147351511955143_1270714536285496,Others
1264806190209664_1265632683460348,Others
1264806190209664_1265860663437550,Others
10205046230554331_10205049550517328,Others
1262014713822145_1262641120426171,Others
1160807477309533_1160824950641119,Others
1271040082919608_1279130075443942,Others
1264806190209664_1266135106743439,Others
1258608240829459_1262825807074369,Others
1264806190209664_1266262073397409,Others
1264806190209664_1266275610062722,Complaint
1262028103820806_1262658960424387,Others
1264806190209664_1267155209974762,Complaint
1264806190209664_1267758536581096,Complaint
1275922375764712_1277205925636357,Others
1275949212428695_1276621945694755,Others
147351511955143_1005383106225719,Complaint
1265410610149222_1265516116805338,Others
1732097320385800_1732476427014556,Others
1264806190209664_1267758686581081,Complaint
1264806190209664_1267831186573831,Complaint
1254326934590923_1254759017881048,Others
1732097320385800_1732455503683315,Others
147351511955143_1111253875635145,Complaint
1264806190209664_1267864993237117,Complaint
1264806190209664_1268686726488277,Complaint
1264806190209664_1268722613151355,Complaint
1264806190209664_1269073086449641,Others
1264806190209664_1269571363066480,Complaint
1264806190209664_1270008616356088,Complaint
1259537537403196_1260409667315983,Others
1252887481401535_1254239101266373,Others
1261442743879342_1261501707206779,Others
1269564473067169_1270161909674092,Others
1271061062917510_1272555782768038,Others
1259614640728819_1260186940671589,Complaint
1259614640728819_1260210277335922,Complaint
1259614640728819_1260212377335712,Complaint
1261442743879342_1261611557195794,Complaint
1259681274055489_1259958487361101,Others
1259681274055489_1259977734025843,Complaint
1259815350708748_1260065530683730,Others
1259681274055489_1260020820688201,Others
1259801344043482_1260224697334480,Others
1259815350708748_1259975910692692,Others
1271062426250707_1271091156247834,Others
10205196690315397_10205196692595454,Others
10205196690315397_10205196699355623,Others
1281614458528837_1281841248506158,Complaint
1271062426250707_1271091626247787,Complaint
1281697008520582_1282497448440538,Others
1264806190209664_1270079536348996,Complaint
1266935063330110_1267123073311309,Others
1259829154040701_1259981060692177,Others
1259836510706632_1264029686953981,Others
1259845644039052_1259981570692126,Others
1259862254037391_1259985007358449,Others
1259863154037301_1259984337358516,Others
1270946996262250_1271010422922574,Others
1254193047937645_1254247961265487,Others
1264806190209664_1270081476348802,Complaint
147351511955143_878327268940624,Others
147351511955143_1270888286268121,Others
1259863154037301_1260154070674876,Others
1259863154037301_1260155480674735,Others
1266645820025701_1267106693312947,Others
251763651872507_251967665185439,Others
147351511955143_1269522966404653,Others
1253769267980023_1253772944646322,Others
1264806190209664_1270105233013093,Complaint
1264806190209664_1270175419672741,Others
1264806190209664_1270548646302085,Others
1264806190209664_1270916282931988,Complaint
147351511955143_1270843859605897,Others
10153756092437694_10153756922292694,Others
1349361158411895_1349938715020806,Others
1264806190209664_1270973242926292,Others
1264806190209664_1272405049449778,Complaint
1264806190209664_1272406419449641,Complaint
1259881074035509_1259985370691746,Others
1259920014031615_1259987867358163,Others
1259863154037301_1260165197340430,Others
10153756092437694_10153758482037694,Complaint
1261604800529803_1261616777195272,Others
1281614458528837_1282384948451788,Others
1281614458528837_1281777341845882,Complaint
1266970653326551_1267097586647191,Others
1264820490208234_1264855266871423,Others
1264820490208234_1264890870201196,Others
1264862266870723_1264893623534254,Others
1264866836870266_1264980873525529,Others
1264898006867149_1264971436859806,Others
147351511955143_1261452763878340,Complaint
147351511955143_1253614914662125,Others
1281614458528837_1282534228436860,Others
1264957326861217_1265379136819036,Others
147351511955143_1266899126667037,Others
1270894099600873_1270895312934085,Others
1264957326861217_1265427966814153,Others
1276310692392547_1279312988758984,Complaint
1264957326861217_1265428953480721,Others
1252887481401535_1257683024255314,Others
1264957326861217_1265490620141221,Complaint
1264957326861217_1265600103463606,Others
1264978746859075_1264999130190370,Others
147351511955143_1261470257209924,Others
147351511955143_754527711354304,Others
147351511955143_1802966936656482,Others
147351511955143_151381431962132,Others
1259537537403196_1264114343612182,Others
1259538410736442_1259793707377579,Others
1259920014031615_1260162854007331,Complaint
1259920014031615_1260180207338929,Others
1255662001124083_1255672234456393,Others
1264400190250264_1265422926814657,Others
1255662001124083_1255847077772242,Others
1277188825638067_1280606001963016,Others
1259929364030680_1259989080691375,Others
1066705170086729_1067331173357462,Others
1259931230697160_1259993000690983,Others
1266986789991604_1267085213315095,Others
1259942204029396_1259995757357374,Others
147351511955143_1266646683358948,Others
1281614458528837_1281984098491873,Others
147351511955143_1082256368494683,Others
1266637736693176_1267129006644049,Others
147351511955143_1267085663315050,Others
10153946994316872_10153947225551872,Others
1259949847361965_1259972437359706,Others
1259949847361965_1260019977354952,Others
1259955177361432_1260679967288953,Complaint
1281614458528837_1282536248436658,Others
1264400190250264_1264880616868888,Others
1259955177361432_1260694973954119,Others
1259957994027817_1260011990689084,Others
1266637736693176_1267106946646255,Others
1264978746859075_1265516146805335,Others
1259969214026695_1260016097355340,Others
1253769267980023_1253886657968284,Others
147351511955143_1266670570023226,Complaint
147351511955143_1261583180531965,Complaint
1264400190250264_1265244743499142,Others
1259978450692438_1260698200620463,Others
1259979330692350_1260060720684211,Others
10153756092437694_10153756647192694,Others
1266978049992478_1267130263310590,Others
1266652210025062_1267098599980423,Complaint
147351511955143_223223314744946,Others
1253769267980023_1253930174630599,Others
147351511955143_152345085197862,Others
147351511955143_1748485978747421,Others
1264806190209664_1265424723481144,Others
1276310692392547_1279910998699183,Others
1259985320691751_1260074424016174,Complaint
1259985320691751_1260092314014385,Others
1259987414024875_1259990070691276,Others
1259994547357495_1260060977350852,Others
1266972173326399_1266973443326272,Others
1264978746859075_1265004843523132,Complaint
1276310692392547_1280777925279157,Others
1259996780690605_1260004204023196,Complaint
1259996780690605_1260063194017297,Others
1264978746859075_1265008483522768,Others
1261442743879342_1262496190440664,Others
1264978746859075_1265020430188240,Complaint
1253769267980023_1254236084600008,Others
1253769267980023_1254319697924980,Others
1264978746859075_1265027266854223,Others
1264978746859075_1265061160184167,Others
1264978746859075_1265073576849592,Others
1264978746859075_1265075143516102,Complaint
1253769267980023_1253822454641371,Complaint
1261442743879342_1262715830418700,Others
1264978746859075_1265110366845913,Others
1343623148985786_1344390598909041,Others
1264936783529938_1265005790189704,Others
1157440407647869_1158661907525719,Others
1264978746859075_1265162026840747,Others
1261442743879342_1262344900455793,Complaint
1264978746859075_1265164793507137,Complaint
1264978746859075_1265715330118750,Others
1043921998995088_1044754095578545,Others
1261442743879342_1262223660467917,Complaint
1264978746859075_1266124446744505,Complaint
1264978746859075_1267123026644647,Complaint
1264978746859075_1270123836344566,Others
147351511955143_1266654516691498,Others
1261442743879342_1262532853770331,Others
10205196690315397_10205196691515427,Others
1255671704456446_1255675394456077,Others
1253769267980023_1256951670995116,Others
1264737706883179_1264884880201795,Others
1153999681310235_1154035914639945,Others
1257676947589255_1257679750922308,Others
1264978746859075_1270124339677849,Others
1261764553847161_1262414407115509,Complaint
1267033913320225_1267078603315756,Others
1261442743879342_1262215700468713,Others
1264400190250264_1265036690186614,Others
1263370873686529_1263434910346792,Others
1257676947589255_1257681354255481,Complaint
1257689767587973_1257695807587369,Others
1264957326861217_1265260890164194,Others
1263370873686529_1263455200344763,Others
1264978746859075_1270145356342414,Others
147351511955143_272975546411901,Others
1264737706883179_1264877313535885,Others
1264978746859075_1270450509645232,Others
1263370873686529_1263456117011338,Others
1257693884254228_1257967184226898,Complaint
1264984206858529_1265360680154215,Others
1253512171339066_1254179257939024,Others
147351511955143_1253086911381592,Complaint
1253769267980023_1254236231266660,Others
1265000786856871_1265002743523342,Others
1253604087996541_1253614961328787,Others
147351511955143_1149910411722164,Complaint
1265000786856871_1265025070187776,Others
1265000786856871_1265059686850981,Others
1253838777973072_1254182747938675,Others
1253769267980023_1254308454592771,Others
1253769267980023_1254306091259674,Others
1264978746859075_1265535016803448,Complaint
1257698320920451_1259985920691691,Others
147351511955143_1253509911339292,Complaint
147351511955143_1253511068005843,Complaint
1265031970187086_1265082033515413,Others
1265031970187086_1267802436576706,Others
1266972173326399_1266978963325720,Complaint
1252890298067920_1252982098058740,Others
1264400190250264_1265399590150324,Others
1264806190209664_1265370973486519,Others
1265046413518975_1265257636831186,Others
1265046413518975_1265403100149973,Complaint
1265046413518975_1268564549833828,Others
1265046413518975_1268565636500386,Complaint
1260977790592504_1261371933886423,Complaint
1265046586852291_1268499916506958,Others
1265090613514555_1265275260162757,Others
1255742861115997_1256655044358112,Others
1265108776846072_1265116586845291,Others
1265108776846072_1265514473472169,Complaint
1265108776846072_1265900226766927,Others
1265111626845787_1265278773495739,Others
1265111626845787_1265446890145594,Others
1264945800195703_1265448573478759,Others
1257711320919151_1258655450824738,Others
1252890298067920_1252982264725390,Complaint
1265149856841964_1265241483499468,Others
1265155043508112_1265298460160437,Others
147351511955143_1270894099600873,Complaint
147351511955143_1075908112493587,Others
1261145797242370_1261405673883049,Others
1179128375485784_1179652068766748,Others
147351511955143_1281840938506189,Complaint
1254326934590923_1254822364541380,Others
147351511955143_1270464192977197,Complaint
1281614458528837_1282347205122229,Others
1281614458528837_1282477608442522,Others
1252890298067920_1253470751343208,Others
147351511955143_1253511324672484,Others
147351511955143_1253512158005734,Complaint
1255673914456225_1255674677789482,Complaint
147351511955143_1253092618047688,Others
147351511955143_1253109591379324,Others
1254326934590923_1254937144529902,Others
1281614458528837_1282513278438955,Complaint
147351511955143_1261006833922933,Complaint
10208236866692043_10208245093657712,Others
10201923717492226_10201924010379548,Others
1153999681310235_1154688527908017,Others
147351511955143_1261023540587929,Others
147351511955143_1253088741381409,Others
1255742861115997_1256829734340643,Others
147351511955143_10154275485008726,Complaint
147351511955143_10209734290171256,Complaint
147351511955143_1132934523431504,Others
1264553050234978_1264883950201888,Others
147351511955143_1132935193431437,Others
147351511955143_1132937090097914,Others
1252890298067920_1253477054675911,Complaint
147351511955143_1264795750210708,Others
147351511955143_1264806190209664,Others
147351511955143_1264817960208487,Complaint
147351511955143_1261283337228616,Others
10201923717492226_10201924018379748,Others
147351511955143_1141959209216489,Others
1264400190250264_1265037243519892,Complaint
1281614458528837_1282240161799600,Others
1270680336288916_1270709376286012,Others
147351511955143_1261382270552056,Complaint
1264898006867149_1264969056860044,Others
1255742861115997_1256921700998113,Complaint
1255742861115997_1256933184330298,Others
147351511955143_129017430870927,Others
147351511955143_1124891684247487,Others
1264400190250264_1264994233524193,Others
147351511955143_325969477752182,Others
1255742861115997_1256942050996078,Others
147351511955143_267097137022784,Others
147351511955143_181525368931179,Others
1255742861115997_1256942407662709,Others
1255742861115997_1256942430996040,Others
147351511955143_181525842264465,Others
147351511955143_1264830656873884,Others
1264945800195703_1265508903472726,Others
147351511955143_1291235897566693,Others
1257720247584925_1258424240847859,Complaint
1257720247584925_1259313317425618,Others
1257720247584925_1258420144181602,Others
1260685163955100_1260699707286979,Others
1270142169676066_1270142869675996,Complaint
147351511955143_1264840430206240,Complaint
10210429872367305_10210448461792029,Complaint
1291571487533134_1291577127532570,Complaint
1291571487533134_1291577544199195,Others
10208418625995585_10208418627835631,Others
1266637736693176_1267102643313352,Others
1264027120287571_1264257020264581,Others
1109608359109153_1109665589103430,Others
1668534089830505_1668725643144683,Others
1668534089830505_1669437029740211,Others
1253769267980023_1253772897979660,Others
1264068306950119_1264076583615958,Others
1270145233009093_1270158363007780,Others
147351511955143_1291038367586446,Others
147351511955143_1264841283539488,Complaint
1109608359109153_1109674542435868,Others
1264087166948233_1264091786947771,Complaint
1264087166948233_1264141776942772,Complaint
1252873851402898_1253204164703200,Others
1265705133453103_1266288083394808,Others
1635429946474253_1635439769806604,Others
147351511955143_1325376700824656,Others
147351511955143_1253748384648778,Complaint
1265705133453103_1266302980059985,Others
147351511955143_1255889151101368,Others
1109608359109153_1110189715717684,Others
1264087166948233_1264729260217357,Others
1255742861115997_1256968290993454,Others
1281786161845000_1282384991785117,Others
1257741637582786_1257784270911856,Complaint
1268838959806387_1269327769757506,Others
147351511955143_1266295536727396,Others
147351511955143_10153619798386260,Complaint
1257741637582786_1257784980911785,Others
1270145233009093_1270203599669923,Others
147351511955143_1264054530284830,Others
147351511955143_1264077960282487,Others
147351511955143_1253031271387156,Complaint
1257741637582786_1257809710909312,Others
147351511955143_1264106836946266,Complaint
1281614458528837_1282536295103320,Others
1254326934590923_1255181317838818,Others
147351511955143_1266344773389139,Others
10153946994316872_10153947421181872,Others
10153864563344053_10153865533769053,Others
147351511955143_10153864563344053,Complaint
147351511955143_1264136136943336,Complaint
147351511955143_284490661912437,Others
1265705133453103_1266886386668311,Complaint
147351511955143_1264143693609247,Complaint
1254326934590923_1255207144502902,Complaint
1635429946474253_1636526079697973,Others
147351511955143_1270052209685062,Others
147351511955143_1253388744684742,Complaint
10153946994316872_10153947039511872,Complaint
1265705133453103_1266954253328191,Others
147351511955143_1264201013603515,Others
1281614458528837_1282403475116602,Others
147351511955143_1260769227280027,Complaint
147351511955143_1264234860266797,Complaint
1257741637582786_1257852587571691,Complaint
1257741637582786_1257843944239222,Others
1265705133453103_1266662566690693,Others
1281568555200094_1281723165184633,Others
147351511955143_1270079193015697,Complaint
147351511955143_1264256933597923,Others
147351511955143_1264855903538026,Complaint
1257720247584925_1260694380620845,Others
1252890298067920_1253499174673699,Others
147351511955143_1254494654574151,Others
1255742861115997_1256997867657163,Others
147351511955143_103059276813289,Others
1259996780690605_1260070200683263,Others
1259996780690605_1260070320683251,Others
1264087166948233_1265082430182040,Others
1265705133453103_1266975373326079,Complaint
10153864563344053_10153864848614053,Complaint
147351511955143_1253406294682987,Complaint
1260019037355046_1260028514020765,Others
1265705133453103_1267088573314759,Others
1264087166948233_1264888556868094,Others
1254326934590923_1255337331156550,Others
1254326934590923_1255386461151637,Complaint
1260026604020956_1260993287257621,Others
1254326934590923_1255441997812750,Others
1398737476833585_1400261670014499,Others
1254326934590923_1255482907808659,Others
1254326934590923_1255502997806650,Others
147351511955143_1291305367559746,Complaint
1253031271387156_1253171571373126,Others
147351511955143_1252866141403669,Others
1260028524020764_1260288090661474,Others
1260872317269718_1262324313791185,Others
1260035270686756_1260047924018824,Others
1265705133453103_1266944583329158,Complaint
1260035270686756_1260048924018724,Complaint
147351511955143_1264872196869730,Complaint
1260035270686756_1260111547345795,Others
1254326934590923_1255503641139919,Others
147351511955143_1270145889675694,Others
1257720247584925_1262975853726031,Complaint
1257720247584925_1262978333725783,Others
1257720247584925_1263325473691069,Others
10153864563344053_10153865045039053,Others
1277215755635374_1280733315283618,Complaint
1260634970626786_1260642577292692,Others
1260634970626786_1260713450618938,Others
1257720247584925_1264104843613132,Others
10153864563344053_10153865039834053,Others
1254326934590923_1255778717779078,Others
147351511955143_1255708794452737,Complaint
147351511955143_1255723957784554,Others
147351511955143_1255726877784262,Others
147351511955143_1255730394450577,Complaint
147351511955143_1255733841116899,Complaint
1257727674250849_1257739180916365,Others
1257727674250849_1257778154245801,Others
1257727134250903_1257730614250555,Others
147351511955143_125646114537789,Others
1254326934590923_1255782877778662,Complaint
1177422678986839_1180845315311242,Others
1257727674250849_1257733587583591,Complaint
147351511955143_1260284587328491,Complaint
1266166666740283_1266381070052176,Others
147351511955143_1264936783529938,Complaint
147351511955143_1255757791114504,Complaint
1257741637582786_1258028847554065,Complaint
147351511955143_103477633425687,Others
1252890791401204_1252899778066972,Others
147351511955143_1260350827309700,Others
147351511955143_1260352460642870,Complaint
147351511955143_1260353033988313,Complaint
147351511955143_138817499883034,Others
147351511955143_508586762678367,Others
1277153528974930_1280174885339461,Others
147351511955143_1067396886663499,Others
147351511955143_308461676179323,Others
1266232893400327_1267079143315702,Others
147351511955143_1264941923529424,Complaint
1265705133453103_1267000229990260,Others
1254326934590923_1255808364442780,Others
147351511955143_1264985416858408,Complaint
147351511955143_1260567253966891,Others
1254326934590923_1255888457768104,Others
147351511955143_133033860463548,Others
147351511955143_1255761451114138,Complaint
1252890791401204_1252918651398418,Others
147351511955143_1255760987780851,Complaint
1254326934590923_1256215864402030,Complaint
1254326934590923_1256328327724117,Others
147351511955143_1397761553573727,Others
1276556485701301_1277153772308239,Others
1152231148130442_1152263334793890,Others
1254326934590923_1256356574387959,Others
147351511955143_1260567283966888,Others
147351511955143_1266554080034875,Others
1266171943406422_1266924049997878,Others
1269335569756726_1269357836421166,Others
147351511955143_1253108424712774,Others
1252892871400996_1252892944734322,Others
147351511955143_1253099414713675,Others
1265705133453103_1266417790048504,Complaint
1257741637582786_1258267070863576,Others
147351511955143_1800122226895817,Others
1269335569756726_1269359949754288,Others
826270160806748_826527280781036,Others
147351511955143_1275827252440891,Others
10153611347247312_10153611465687312,Others
10154360746994699_10154360899034699,Others
147351511955143_1252426544780962,Others
147351511955143_1275938029096480,Complaint
1250977208259229_1252271008129849,Others
1265705133453103_1266979229992360,Others
1269335569756726_1269373843086232,Others
147351511955143_281035592273090,Others
1257741637582786_1258493487507601,Others
1260028524020764_1260456650644618,Others
1269335569756726_1269378179752465,Others
1275762825780667_1276270112396605,Others
147351511955143_1263742383649378,Others
147351511955143_1253851634638453,Others
1266214150068868_1267126726644277,Others
1266315206725429_1267044559985827,Others
1265705133453103_1266610570029226,Others
147351511955143_1253114248045525,Complaint
1275578915799058_1276515675705382,Others
1259601610730122_1259902990699984,Others
1270145233009093_1270887462934870,Complaint
1259604487396501_1259947330695550,Others
147351511955143_1253117848045165,Others
1265705133453103_1266442750046008,Others
147351511955143_1279071318777545,Complaint
147351511955143_1253877554635861,Others
1254326934590923_1257651920925091,Others
1260150110675272_1260159084007708,Complaint
10206762391324856_10206764702462633,Others
10206762395844969_10206762623890670,Others
1129680933756872_1130286700362962,Others
1275812219109061_1276458929044390,Others
1258608240829459_1263405863683030,Complaint
10154458014328799_10154459628063799,Others
147351511955143_123540881422621,Others
1260162230674060_1260621877294762,Others
10154458014328799_10154459971478799,Others
108547316250212_108547799583497,Others
1266298316727118_1267028729987410,Others
1265705133453103_1267074216649528,Others
1269335569756726_1269387486418201,Others
1089017424510922_1089743517771646,Others
1257741637582786_1257806720909611,Complaint
1265705133453103_1266940266662923,Complaint
1263370873686529_1263490583674558,Others
1263370873686529_1263579680332315,Complaint
147351511955143_10157219086865587,Others
1260162230674060_1260775643946052,Others
1257727674250849_1260659330624350,Complaint
1265705133453103_1267068766650073,Others
1265705133453103_1266492710041012,Others
1265705133453103_1266968033326813,Others
147351511955143_1091998480855747,Complaint
147351511955143_115911825516823,Others
147351511955143_115912152183457,Others
1265705133453103_1266502563373360,Others
1270145233009093_1270921932931423,Others
1265705133453103_1266662913357325,Others
147351511955143_115912382183434,Others
10157313237885422_10157317797595422,Complaint
1078082525614528_1078362202253227,Others
147351511955143_1259996780690605,Others
1250816531608630_1251451571545126,Others
1270145233009093_1270571702966446,Others
147351511955143_1275835085773441,Complaint
1291480487542234_1291559470867669,Others
1398737476833585_1400174683356531,Others
1250816531608630_1250935298263420,Others
1254326934590923_1257718537585096,Complaint
1251000664923550_1253484948008455,Others
147351511955143_1291498857540397,Others
147351511955143_1291524604204489,Complaint
1270145233009093_1270711456285804,Others
1249962091694074_1251633128193637,Others
1265688916788058_1265915840098699,Others
147351511955143_1325376337491359,Others
1270145233009093_1270711512952465,Others
1265688916788058_1266194050070878,Others
147351511955143_1253120574711559,Complaint
1263469363676680_1263553890334894,Others
147351511955143_1260152414008375,Others
147351511955143_1288384774518472,Complaint
1265688916788058_1266203380069945,Complaint
1339175262777484_1339789759382701,Others
1270094463014170_1270549019635381,Others
147351511955143_1260169867339963,Others
1265688916788058_1266206536736296,Others
147351511955143_1278922368798046,Others
1265775583446058_1266326303390986,Others
1265908520099431_1266349646721985,Others
147351511955143_1264985606858389,Complaint
147351511955143_1263387300351553,Complaint
147351511955143_1131250213614021,Complaint
1257727974250819_1257729737583976,Others
1278979475459002_1279012362122380,Complaint
1031698013565359_1031769420224885,Others
10209983259328140_10209983311729450,Others
1257733464250270_1259942450696038,Others
10209155292311443_10209187974248471,Others
1259537537403196_1259803260709957,Others
1252900958066854_1252911294732487,Others
1270145233009093_1270309666325983,Others
1259931230697160_1260056400684643,Others
147351511955143_1265622880127995,Others
1274882582535358_1275678289122454,Others
1251877338169216_1251990074824609,Complaint
10207176714359388_10207176910044280,Others
1251757841514499_1252275058129444,Others
1251840064839610_1252055478151402,Others
1251617044861912_1255375191152764,Others
1251617044861912_1255661484457468,Others
1251617601528523_1251622751528008,Others
1257734890916794_1257746970915586,Others
1257737414249875_1263097723713844,Others
1259985320691751_1260040187352931,Others
1274793439210939_1275108472512769,Others
1270145233009093_1270811989609084,Others
1257740387582911_1258439560846327,Complaint
1254326934590923_1257803180909965,Others
1251617044861912_1251620061528277,Others
147351511955143_1253880871302196,Others
147351511955143_1253512171339066,Others
1257740387582911_1260611570629126,Others
1257740387582911_1260627130627570,Others
1251877338169216_1254477674575849,Complaint
1251877338169216_1251984268158523,Others
1257740387582911_1260627520627531,Others
1257740387582911_1260628450627438,Others
1249524938404456_1250243041665979,Others
1270145233009093_1270340699656213,Others
1270145233009093_1270333982990218,Others
147351511955143_103378173435882,Complaint
1270145233009093_1270981482925468,Complaint
1251877338169216_1251887578168192,Others
147351511955143_1249267448430205,Others
147351511955143_1265009866855963,Complaint
1251877338169216_1254799267877023,Others
1251877338169216_1254852001205083,Others
1045287722173065_1045683548800149,Others
1078082525614528_1078217655601015,Others
1270122049678078_1270381219652161,Others
1270145233009093_1270684346288515,Others
1251617044861912_1256306964392920,Others
1203215189718157_1203218459717830,Others
1251617601528523_1251685741521709,Others
147351511955143_1259933270696956,Others
147351511955143_1251618384861778,Complaint
147351511955143_1270285192995097,Complaint
10154764191023488_10154765729948488,Others
1251617601528523_1251631728193777,Others
1257740387582911_1262937053729911,Others
1251877338169216_1254799811210302,Others
1251617601528523_1254225477934402,Others
147351511955143_1259983150691968,Complaint
147351511955143_1265807700109513,Others
1257740387582911_1263171347039815,Others
1257740387582911_1263326300357653,Others
147351511955143_1263489217008028,Others
1251617044861912_1255186224504994,Complaint
1090382351027613_1092543490811499,Others
147351511955143_610462242454712,Others
147351511955143_1265871140103169,Complaint
1255742861115997_1257703434253273,Complaint
147351511955143_682848568533077,Others
147351511955143_1253515538005396,Complaint
1251617044861912_1255611904462426,Complaint
1251617601528523_1252001411490142,Others
1251635048193445_1251645128192437,Others
1259185367438413_1259229487434001,Others
1259185367438413_1259333024090314,Others
1251617044861912_1254991184524498,Others
1255678984455718_1255686074455009,Others
1255678984455718_1255687707788179,Others
1259187627438187_1259231377433812,Others
1259187627438187_1259273904096226,Others
1259187627438187_1259553634068253,Complaint
1259187627438187_1260614270628856,Others
1259187627438187_1261264677230482,Complaint
1251617044861912_1255001087856841,Others
1251617044861912_1255257997831150,Complaint
1251617044861912_1255621167794833,Others
1251617044861912_1256297047727245,Others
1263370873686529_1265032186853731,Others
1263370873686529_1265032276853722,Others
1257740387582911_1263438577013092,Others
1259216990768584_1259383554085261,Others
1250977208259229_1252142611476022,Others
1257741637582786_1257760234247593,Others
1251617601528523_1253602344663382,Others
1259224717434478_1259264307430519,Others
10209755597143743_10209774619379287,Others
1263370873686529_1264952186861731,Others
1276556485701301_1277467082276908,Others
1259239004099716_1259301977426752,Others
1251617044861912_1255647261125557,Others
10209755597143743_10209756087796009,Others
147351511955143_1251877338169216,Complaint
1259267077430242_1259303160759967,Complaint
1152231148130442_1152941934726030,Others
1251454521544831_1251535838203366,Others
1251441781546105_1251533291536954,Others
1251454521544831_1251693324854284,Others
1251454521544831_1251686651521618,Others
147351511955143_1265090613514555,Complaint
147351511955143_1251430131547270,Others
1251441781546105_1254323164591300,Others
1251411191549164_1251530061537277,Others
1265688916788058_1266394100050873,Others
1760907624179243_1760908700845802,Others
147351511955143_1251387671551516,Others
1251427891547494_1251556164868000,Others
1249417445081872_1249592111731072,Others
1270145233009093_1270494439640839,Others
1251420578214892_1255950547761895,Others
1270145233009093_1270759656280984,Others
1251354041554879_1251527164870900,Others
147351511955143_263951607330248,Others
147351511955143_1251285128228437,Complaint
1250977208259229_1252175771472706,Complaint
1251441781546105_1255547831135500,Others
1251368078220142_1251524834871133,Others
147351511955143_1251447061545577,Complaint
1265688916788058_1266936943329922,Others
1270257236331226_1270292662994350,Others
1251416411548642_1251500708206879,Others
147351511955143_1251456161544667,Others
147351511955143_1251354041554879,Complaint
1251441781546105_1254613761228907,Others
1276557252367891_1276734785683471,Others
1250977208259229_1252191004804516,Complaint
1251427891547494_1251531328203817,Others
1251454521544831_1251692884854328,Others
147351511955143_1251457758211174,Others
1265718820118401_1267059169984366,Others
1270125919677691_1270860012937615,Others
1270145233009093_1270927649597518,Others
1251420578214892_1255062114517405,Others
1251454521544831_1251686454854971,Others
147351511955143_1251447404878876,Complaint
1265688916788058_1266352723388344,Complaint
147351511955143_1251301661560117,Others
147351511955143_1251453024878314,Others
1254326934590923_1257929527563997,Others
1254326934590923_1257936020896681,Others
1252909494732667_1252925434731073,Complaint
1265688916788058_1266941273329489,Others
1265688916788058_1266819906674959,Others
1265688916788058_1266934166663533,Others
1251454521544831_1251681621522121,Others
1276557252367891_1277040602319556,Others
1251447061545577_1251533741536909,Others
1251455438211406_1251537648203185,Others
1265688916788058_1266461193377497,Others
1251448438212106_1251483004875316,Others
1131250213614021_1132178906854485,Others
1254326934590923_1258149614208655,Others
1251420578214892_1251703741519909,Others
147351511955143_1251454521544831,Complaint
1251420578214892_1253731731317110,Complaint
1270145233009093_1270479702975646,Complaint
1251420578214892_1255832827773667,Others
147351511955143_1251445178212432,Others
1265688916788058_1266399676716982,Others
1265688916788058_1267110169979266,Others
1265897280100555_1266967563326860,Others
147351511955143_152799158460252,Others
1249270501763233_1252222504801366,Others
1250977208259229_1252190781471205,Complaint
1291747354182214_1292480797442203,Complaint
147351511955143_147241612376621,Others
1257741637582786_1258070420883241,Others
1257741637582786_1258080204215596,Others
1255682627788687_1256218837735066,Others
1291747354182214_1293244764032473,Complaint
1291747354182214_1293283560695260,Complaint
147351511955143_1251449824878634,Complaint
147351511955143_1251368078220142,Complaint
1251420578214892_1251693344854282,Others
1276557252367891_1277503602273256,Others
1251441781546105_1254269444596672,Complaint
1251457758211174_1251542988202651,Complaint
1265688916788058_1266406053383011,Others
1096005347140154_1096863437054345,Complaint
1265688916788058_1267113363312280,Others
1251420578214892_1253170014706615,Others
1262946447062305_1263589286998021,Others
147351511955143_1291661527524130,Complaint
147351511955143_1251427891547494,Complaint
1251441781546105_1253579911332292,Others
1265688916788058_1266367940053489,Others
1251454521544831_1251684654855151,Others
1251530108203939_1251590138197936,Others
1251420578214892_1256956404327976,Complaint
1251420578214892_1253732501317033,Others
1251441781546105_1254389621251321,Complaint
1265688916788058_1266459436711006,Others
1251455438211406_1251565474867069,Others
147351511955143_1251420578214892,Complaint
147351511955143_1251298788227071,Others
1258633417493608_1262065920483691,Others
1265688916788058_1266361086720841,Others
1251420578214892_1251530818203868,Others
147351511955143_1251441781546105,Complaint
147351511955143_1251416411548642,Others
1251457758211174_1251566041533679,Others
1251420578214892_1253024244721192,Complaint
1274882582535358_1274986085858341,Complaint
1270145233009093_1270714199618863,Others
147351511955143_1253894624634154,Others
147351511955143_1253899904633626,Others
147351511955143_1253900697966880,Others
1274841045872845_1275196599170623,Others
147351511955143_1259266904096926,Others
1251457758211174_1251536081536675,Others
147351511955143_1760907624179243,Others
147351511955143_1251448438212106,Others
835516473215450_835673553199742,Others
147351511955143_1251416088215341,Others
1251455438211406_1251535588203391,Others
1251420578214892_1251694871520796,Others
1265688916788058_1266526916704258,Others
1274717315885218_1274990695857880,Others
835516473215450_841303015970129,Others
1251420578214892_1254078311282452,Complaint
1153999681310235_1163708047006065,Others
147351511955143_1251457268211223,Complaint
147351511955143_1251435361546747,Others
1291747354182214_1292516634105286,Complaint
147351511955143_1253901541300129,Others
1264984206858529_1275669785789971,Others
1251455438211406_1251547908202159,Others
147351511955143_1251411191549164,Others
1265080820182201_1274921329198150,Others
1258796200810663_1258981157458834,Others
1265080820182201_1274966199193663,Others
1153999681310235_1163511090359094,Others
1251387671551516_1251527588204191,Others
1251420578214892_1253858631304420,Others
1251420578214892_1254140974609519,Others
1264723226884627_1267181326638817,Complaint
1264737706883179_1264856063538010,Others
1251455438211406_1251543318202618,Others
147351511955143_1251455438211406,Others
1265908520099431_1266454663378150,Others
1248519411838342_1248820621808221,Others
1250977208259229_1252183751471908,Others
147351511955143_1251130354910581,Complaint
147351511955143_1251148924908724,Complaint
1251054104918206_1255634341126849,Others
1250990648257885_1252882311402052,Others
1251183784905238_1251547031535580,Complaint
1251054104918206_1256624327694517,Others
1250949788261971_1252964721393811,Others
1250806578276292_1250921318264818,Complaint
1250816531608630_1251226184900998,Others
1250921808264769_1251301068226843,Others
1250816531608630_1256290017727948,Others
1250816531608630_1251534204870196,Others
147351511955143_1250919558264994,Complaint
147351511955143_1250855768271373,Others
1250816531608630_1251557518201198,Complaint
1250806578276292_1250897174933899,Others
1250921808264769_1254790377877912,Complaint
1250912538265696_1251635638193386,Others
1250816531608630_1256217804401836,Others
1251193151570968_1251512024872414,Others
1250816531608630_1250889674934649,Others
1250921808264769_1255150851175198,Others
1250850691605214_1250977578259192,Complaint
1248089351881348_1248106855212931,Others
147351511955143_1250949861595297,Complaint
1251156821574601_1251505488206401,Others
147351511955143_1251092521581031,Complaint
1250949788261971_1252907398066210,Others
147351511955143_10153769402277947,Complaint
147351511955143_1250880191602264,Complaint
1250934604930156_1251324951557788,Others
1251217018235248_1256641214359495,Others
147351511955143_1250921588264791,Others
1250816531608630_1252952414728375,Complaint
147351511955143_1250918764931740,Complaint
147351511955143_1250866158270334,Others
1250816531608630_1251294151560868,Others
1250816531608630_1252125551477728,Complaint
1251054104918206_1255611244462492,Others
1250850691605214_1250976484925968,Others
1251095991580684_1256173014406315,Others
1251217018235248_1251558261534457,Others
1250880191602264_1250880581602225,Others
1250816531608630_1251277728229177,Others
1250816531608630_1253048718052078,Complaint
1250816531608630_1251472381543045,Others
1251101788246771_1254254281264855,Others
1251217018235248_1256640484359568,Others
1250816531608630_1250914684932148,Complaint
147351511955143_1250843394939277,Complaint
1250990648257885_1252853641404919,Others
1251104978246452_1251518424871774,Others
1250816531608630_1250915938265356,Complaint
1251104978246452_1251559514867665,Complaint
1250949788261971_1252535868103363,Others
1250816531608630_1250939684929648,Others
1251095991580684_1256217784401838,Others
147351511955143_1251217018235248,Complaint
147351511955143_1250850691605214,Complaint
1250949788261971_1251867538170196,Others
1250816531608630_1252975368059413,Complaint
1250849954938621_1250855954938021,Others
147351511955143_1251072581583025,Complaint
1250921808264769_1254850687871881,Others
1250816531608630_1250910204932596,Others
1250816531608630_1250817761608507,Complaint
1249766528397652_1250225308351774,Complaint
1250816531608630_1251189704904646,Others
1251095991580684_1256172014406415,Others
1250816531608630_1254436994579917,Others
1251054104918206_1255611497795800,Others
1250816531608630_1251572518199698,Others
1250848041605479_1251110584912558,Complaint
1250954348261515_1252802351410048,Others
1250816531608630_1253486961341587,Others
147351511955143_179236745824261,Others
1250990648257885_1251591764864440,Others
1251130354910581_1251571891533094,Others
1250848041605479_1250963118260638,Others
10154983389274838_10154985211324838,Complaint
1250990648257885_1255538951136388,Others
1251104978246452_1251448268212123,Others
1251156821574601_1251549654868651,Others
1250918764931740_1251297448227205,Others
147351511955143_1250968018260148,Others
1251193151570968_1251604044863212,Others
1251054104918206_1251466511543632,Others
1250816531608630_1251145928242357,Others
1250990648257885_1253117794711837,Others
1251054104918206_1256623887694561,Complaint
1250990648257885_1252867198070230,Others
147351511955143_1250981041592179,Complaint
147351511955143_1251104978246452,Complaint
1250816531608630_1254791371211146,Complaint
1250816531608630_1251690818187868,Others
1250878311602452_1251097018247248,Others
1250878311602452_1251112458245704,Complaint
147351511955143_1139039459491019,Others
1251104978246452_1251518588205091,Others
1250816531608630_1251713798185570,Complaint
1251104978246452_1251571014866515,Others
1250816531608630_1251526531537630,Others
1251104978246452_1251537618203188,Others
147351511955143_1250889824934634,Others
1250816531608630_1251575648199385,Complaint
1250949788261971_1251738641516419,Complaint
1139039459491019_1139043066157325,Others
1250816531608630_1251538914869725,Others
147351511955143_146851949072984,Others
1250816531608630_1251513724872244,Complaint
1250816531608630_1252117058145244,Others
1251217018235248_1251522224871394,Complaint
1139039459491019_1139042859490679,Others
1250838484939768_1250908688266081,Others
1250816531608630_1251356211554662,Complaint
1251101788246771_1252850151405268,Others
147351511955143_1251183784905238,Complaint
1139039459491019_1139397686121863,Others
1250990648257885_1252981268058823,Others
1251101788246771_1252851044738512,Complaint
1250921808264769_1252200571470226,Others
1251104978246452_1251526804870936,Others
147351511955143_1250939004929716,Complaint
1250816531608630_1253051858051764,Others
1251095991580684_1252173458139604,Others
147351511955143_1250816448275305,Complaint
1251104978246452_1251491018207848,Others
147351511955143_1250951081595175,Complaint
1250816531608630_1251495344874082,Others
1251095991580684_1252185714805045,Others
147351511955143_10154983389274838,Others
1250990648257885_1253231261367157,Others
1250816531608630_1252956204727996,Others
1250843394939277_1250881158268834,Others
147351511955143_1250848041605479,Others
1251095991580684_1255700881120195,Others
1250816531608630_1251506104873006,Complaint
1251101788246771_1254310524592564,Others
1251104978246452_1251503184873298,Others
1250816531608630_1251551911535092,Others
1250954348261515_1251534261536857,Others
1251054104918206_1253266281363655,Others
1250816531608630_1254095227947427,Complaint
1251095991580684_1251733881516895,Others
1251026094921007_1251485648208385,Others
1251217018235248_1256911510999132,Complaint
1250816531608630_1252141074809509,Others
1250848041605479_1250963804927236,Others
1250816531608630_1252133354810281,Others
1250816531608630_1251320858224864,Others
1139039459491019_1139668972761401,Others
1250987734924843_1251356104888006,Others
1250816531608630_1250950248261925,Complaint
1250816531608630_1251288074894809,Others
1250806578276292_1250919391598344,Others
1250816531608630_1252265291463754,Others
1250816531608630_1251467748210175,Complaint
147351511955143_1251051218251828,Others
1251095991580684_1251488461541437,Others
1251054104918206_1255582467798703,Complaint
1251054104918206_1253149948041955,Others
1250816531608630_1251785661511717,Others
147351511955143_1250934604930156,Complaint
147351511955143_1250927678264182,Others
1251101788246771_1252833558073594,Others
1250954348261515_1254239357933014,Others
1250816531608630_1252220468134903,Complaint
1251130354910581_1251495278207422,Others
1251031994920417_1251458824877734,Others
1250816531608630_1253014214722195,Complaint
147351511955143_1250898511600432,Others
1250806578276292_1250920708264879,Complaint
1250816531608630_1251550631535220,Others
1250816531608630_1252142644809352,Others
147351511955143_1251224668234483,Others
1251130354910581_1251555704868046,Others
1250816531608630_1256760767680873,Complaint
1250816531608630_1255780214445595,Others
1250990648257885_1251356014888015,Others
1251130354910581_1251646884858928,Complaint
1250949861595297_1250969661593317,Others
1251104978246452_1251545628202387,Others
1251054104918206_1255655214458095,Others
1250816531608630_1251571681533115,Others
1250816531608630_1254680107888939,Others
147351511955143_1250822374941379,Others
147351511955143_1250987734924843,Complaint
1250816531608630_1254939624529654,Others
1250880191602264_1251100704913546,Others
1250849954938621_1250913921598891,Others
1251217018235248_1251521251538158,Others
1250850691605214_1250858521604431,Others
1251193151570968_1251977101492573,Others
1250990648257885_1251699768186973,Others
147351511955143_1250824981607785,Others
1250816531608630_1254210687935881,Complaint
1250949788261971_1251460394877577,Others
1250816531608630_1250983528258597,Complaint
147351511955143_1250937734929843,Others
1251034988253451_1251873331502950,Others
147351511955143_1250990648257885,Complaint
147351511955143_1251054104918206,Complaint
1250951081595175_1251332621557021,Others
1251054104918206_1255580764465540,Others
1250921808264769_1251542334869383,Complaint
1251245271565756_1251530074870609,Others
147351511955143_1250849954938621,Complaint
1250816531608630_1251580664865550,Others
147351511955143_939368112875902,Others
147351511955143_1250816531608630,Others
1250816531608630_1251582198198730,Others
1251183784905238_1251526301537653,Others
1250954348261515_1251448944878722,Others
1250816531608630_1252938664729750,Others
1250816531608630_1251451614878455,Others
10154983389274838_10154984922969838,Others
1250816531608630_1251599171530366,Complaint
1251104978246452_1251591688197781,Others
1250816531608630_1251456944877922,Complaint
1251054104918206_1256825461007737,Others
1250816531608630_1252397174783899,Complaint
1250816531608630_1251472538209696,Others
1251104978246452_1251869008170049,Others
1251245271565756_1251560351534248,Others
516312138579718_516587248552207,Others
516312138579718_516579835219615,Others
1251130354910581_1251556201534663,Others
1251101788246771_1251438131546470,Complaint
147351511955143_1250921808264769,Complaint
1250816531608630_1252230191467264,Complaint
147351511955143_1251101788246771,Complaint
147351511955143_1250922574931359,Complaint
1251245271565756_1251517178205232,Others
1250921808264769_1251567218200228,Others
1250816531608630_1251309631559320,Others
1251104978246452_1252211651469118,Others
1250879744935642_1251928664830750,Others
147351511955143_265995827106517,Others
147351511955143_1250954348261515,Complaint
1251034988253451_1252111068145843,Complaint
1251034988253451_1251961121494171,Others
1251183784905238_1251546621535621,Others
1250954348261515_1251334451556838,Others
1251193151570968_1251605608196389,Others
1250816531608630_1251513971538886,Others
1251217018235248_1251514948205455,Others
1250816531608630_1251514918205458,Complaint
147351511955143_1250948748262075,Complaint
147351511955143_1250855358271414,Complaint
1563341700636932_1563447033959732,Others
1250949788261971_1252782528078697,Others
147351511955143_143394109420811,Others
1250816531608630_1252568514766765,Others
10209725594117886_10209731270139783,Others
1250954348261515_1254183397938610,Complaint
1251121954911421_1251484578208492,Others
147351511955143_1250879744935642,Complaint
1250816531608630_1251989064824710,Others
1250816531608630_1252300114793605,Others
147351511955143_1250916884931928,Others
1251104978246452_1251485321541751,Others
147351511955143_1250878311602452,Complaint
1250990648257885_1253112694712347,Others
147351511955143_1250808541609429,Complaint
147351511955143_1251130441577239,Complaint
1250816531608630_1251532784870338,Others
1250816531608630_1251694041520879,Others
1251104978246452_1251518194871797,Others
1250816531608630_1250923274931289,Complaint
1250816531608630_1252432204780396,Complaint
147351511955143_1250806458276304,Others
1251029334920683_1251452071545076,Others
147351511955143_1251088034914813,Others
1250990648257885_1251682254855391,Others
1250816531608630_1252149004808716,Others
1251193151570968_1251880881502195,Others
1251104978246452_1251494204874196,Others
147351511955143_1251156821574601,Complaint
10154983389274838_10154985497369838,Others
1250816531608630_1250816898275260,Others
1250848041605479_1250913581598925,Others
1250816531608630_1250899871600296,Others
147351511955143_1251112674912349,Others
1250816531608630_1252432114780405,Complaint
1251104978246452_1251484708208479,Others
1250939004929716_1251321368224813,Others
1251054104918206_1252906541399629,Others
1251104978246452_1251492248207725,Others
147351511955143_1251121954911421,Others
1250816531608630_1251560518200898,Others
1250816531608630_1257061240984159,Others
1250954348261515_1252636174759999,Others
147351511955143_1251025381587745,Others
1250949861595297_1251331101557173,Others
1250816531608630_1251550254868591,Others
1251104978246452_1251505118206438,Others
1251193151570968_1254143937942556,Complaint
1251224668234483_1251483714875245,Others
1250816531608630_1251472431543040,Complaint
1250990648257885_1251586998198250,Others
147351511955143_1251086294914987,Complaint
1250816531608630_1250911271599156,Others
1250949788261971_1251336938223256,Others
516312138579718_516580495219549,Others
1251104978246452_1251151814908435,Others
147351511955143_1250941524929464,Others
1250816531608630_1251081014915515,Others
147351511955143_1250851904938426,Complaint
1250816531608630_1256357304387886,Others
147351511955143_1251026094921007,Complaint
1250816531608630_1251540271536256,Others
1251156821574601_1252975381392745,Others
147351511955143_1250866064937010,Others
1250816531608630_1256589764364640,Others
1250921808264769_1254799961210287,Others
147351511955143_1250912538265696,Others
1251130354910581_1251550061535277,Others
147351511955143_1250949984928618,Complaint
1250816531608630_1250929011597382,Others
1251101788246771_1251115114912105,Others
1250919558264994_1251300961560187,Others
1250816531608630_1251146031575680,Others
1250849488272001_1250944224929194,Complaint
147351511955143_1250838484939768,Others
1250806578276292_1250919574931659,Others
147351511955143_1250849488272001,Complaint
147351511955143_1250973911592892,Others
1251130354910581_1251484188208531,Others
1250816531608630_1251517201538563,Others
1250816531608630_1255550417801908,Others
1250937734929843_1251322584891358,Others
1250816531608630_1252233918133558,Others
1251026094921007_1252564248100525,Others
1250848041605479_1251349281555355,Others
147351511955143_1250889441601339,Complaint
1250816531608630_1250999178257032,Others
1250843394939277_1250905981599685,Others
147351511955143_146851565739689,Others
1250855358271414_1250957474927869,Others
1251026094921007_1251444841545799,Others
1251026094921007_1252346624788954,Complaint
1250949788261971_1251535948203355,Others
1251104978246452_1251433518213598,Complaint
147351511955143_516312138579718,Complaint
1250816531608630_1251534698203480,Complaint
1250806578276292_1250919088265041,Others
1250912538265696_1251629548193995,Complaint
1250951081595175_1251534934870123,Others
147351511955143_1251261468230803,Complaint
1250816531608630_1251300001560283,Others
1250816531608630_1251505838206366,Others
147351511955143_1250966318260318,Others
147351511955143_1251168691573414,Complaint
1250816531608630_1255617951128488,Complaint
1251224668234483_1251483698208580,Others
1250879744935642_1251099431580340,Others
1251054104918206_1256434587713491,Others
1250816531608630_1252118414811775,Complaint
1251130354910581_1255613221128961,Others
147351511955143_998134720301932,Others
147351511955143_609172395932388,Others
1250816531608630_1251179438239006,Complaint
1250816531608630_1251138168243133,Others
147351511955143_1251095991580684,Complaint
1250849488272001_1251330718223878,Others
147351511955143_1251018321588451,Complaint
147351511955143_1251187631571520,Complaint
1250816531608630_1251573588199591,Complaint
147351511955143_1587711278194209,Others
1251101788246771_1251533074870309,Others
1251168691573414_1251938171496466,Others
1250816531608630_1252926591397624,Others
147351511955143_1251034988253451,Complaint
1250898511600432_1251163674907249,Others
1251217018235248_1256863417670608,Others
1250921808264769_1254796084544008,Complaint
1251104978246452_1252216514801965,Others
147351511955143_1250983454925271,Others
1250816531608630_1256216287735321,Complaint
1250816531608630_1251887271501556,Complaint
1251193151570968_1252996881390595,Complaint
1250851904938426_1250916051598678,Others
1251026094921007_1252326838124266,Others
1250816531608630_1250990151591268,Complaint
147351511955143_531001350416304,Others
1139039459491019_1139656242762674,Complaint
1250816531608630_1251060841584199,Complaint
1251104978246452_1251394494884167,Others
1250981041592179_1251353838221566,Others
1251168691573414_1251510941539189,Others
1251130441577239_1251500688206881,Others
1250848041605479_1251491401541143,Others
1250816531608630_1251567311533552,Others
147351511955143_10209725594117886,Complaint
1250816531608630_1251564641533819,Others
147351511955143_1251193151570968,Complaint
147351511955143_1251245271565756,Complaint
1251095991580684_1255696674453949,Others
1250816531608630_1252957788061171,Others
1250912538265696_1251289701561313,Others
1250921808264769_1254796581210625,Others
1250816531608630_1250846914938925,Others
147351511955143_1250906001599683,Complaint
1250816531608630_1251533058203644,Complaint
1251104978246452_1251548094868807,Others
147351511955143_1250806578276292,Complaint
147351511955143_108547316250212,Others
1251101788246771_1252799714743645,Complaint
1251054104918206_1255633591126924,Others
147351511955143_272316986478346,Others
1251104978246452_1251460188210931,Others
1250849488272001_1250917801598503,Others
147351511955143_609172225932405,Others
1250951081595175_1251450104878606,Others
147351511955143_1250958798261070,Complaint
1250921808264769_1255052057851744,Others
1250816531608630_1254232697933680,Complaint
1251104978246452_1251121044911512,Others
1250949788261971_1252785804745036,Others
1250816531608630_1251525708204379,Others
1250816531608630_1252014744822142,Others
1250816531608630_1251710928185857,Others
1250153308341619_1252586384764978,Others
1250816531608630_1251447604878856,Complaint
1250816531608630_1254791774544439,Complaint
1250816531608630_1252956661394617,Others
1250949788261971_1254947507862199,Others
1251104978246452_1251582934865323,Others
147351511955143_1251031994920417,Complaint
147351511955143_1250949788261971,Complaint
1250816531608630_1252804198076530,Complaint
1251156821574601_1251505721539711,Others
1250958798261070_1251340241556259,Others
1251168691573414_1251839371506346,Others
10154983389274838_10154985252819838,Others
1251034988253451_1251455854878031,Others
1250816531608630_1252102678146682,Others
1250921808264769_1252188104804806,Complaint
1249766528397652_1251648061542832,Others
147351511955143_1250874878269462,Others
1250816531608630_1251478954875721,Others
1631679973515917_1631790576838190,Others
1250921808264769_1252194048137545,Complaint
1251095991580684_1255914317765518,Others
1251104978246452_1251535721536711,Others
147351511955143_1251029334920683,Complaint
1250949788261971_1252983101391973,Others
1250816531608630_1251352601555023,Others
1251095991580684_1255691444454472,Others
1251034988253451_1252131058143844,Others
147351511955143_1250918421598441,Complaint
1250816531608630_1251544404869176,Complaint
1250848041605479_1250962764927340,Others
1251130354910581_1251501154873501,Others
1250816531608630_1251773708179579,Others
1251217018235248_1256639094359707,Complaint
1250990648257885_1253117468045203,Others
1250816531608630_1250816594941957,Others
1250371251653158_1250381638318786,Complaint
147351511955143_1250673948289555,Complaint
1631679973515917_1631711706846077,Others
147351511955143_1103692869690760,Complaint
1250737198283230_1250895901600693,Others
1250673948289555_1255685337788416,Others
147351511955143_1250655964958020,Others
147351511955143_1250532488303701,Complaint
1037131409669273_1037538479628566,Others
1250786631611620_1250860284937588,Others
1631679973515917_1631721240178457,Others
1631679973515917_1632478460102735,Others
1631679973515917_1632436703440244,Others
10154344080302458_10154363096312458,Complaint
10154344080302458_10154344180002458,Complaint
1250361124987504_1250376694985947,Complaint
1250795268277423_1250872084936408,Others
10154344080302458_10154363075902458,Others
1250384301651853_1250665668290383,Others
1250673948289555_1251919728164977,Others
10154344080302458_10154359850042458,Complaint
1250305544993062_1250547354968881,Others
1250673948289555_1255680314455585,Others
10204884449109411_10204885159127161,Others
1250657688291181_1252138974809719,Others
1250801544943462_1250804778276472,Others
147351511955143_1250657688291181,Complaint
1631679973515917_1631729483510966,Others
1250316264991990_1250784021611881,Others
1631679973515917_1631745050176076,Others
147351511955143_1250737198283230,Complaint
1250370881653195_1250644654959151,Others
147351511955143_1250445664979050,Complaint
147351511955143_154216185000867,Others
1160148960708062_1160232660699692,Others
1250371251653158_1250379221652361,Complaint
1250657688291181_1254860061204277,Others
1250400734983543_1251068664916750,Others
1631679973515917_1631746736842574,Others
1250748871615396_1250792318277718,Others
1250791114944505_1250795601610723,Others
1250305544993062_1254119971278286,Others
1631679973515917_1632353370115244,Others
1631679973515917_1631710030179578,Others
10153610994732623_10153613056057623,Others
1037131409669273_1037819822933765,Others
1250316264991990_1252461531444130,Complaint
10154344080302458_10154344156122458,Complaint
1250657688291181_1250750401615243,Others
147351511955143_1250400688316881,Others
1250371251653158_1250382748318675,Complaint
1250673948289555_1253233184700298,Others
1631679973515917_1631693706847877,Others
1631679973515917_1631746773509237,Others
1250673948289555_1250804461609837,Others
1250410501649233_1251494381540845,Others
1250427041647579_1250699841620299,Others
1250673948289555_1250887434934873,Others
10154344080302458_10154345132687458,Others
1631679973515917_1631726273511287,Others
1631679973515917_1632824173401497,Others
1247097878647162_1247207591969524,Others
1631679973515917_1632164083467506,Others
147351511955143_1250427041647579,Complaint
1631679973515917_1631772693506645,Others
10154344080302458_10154344136072458,Others
1250371251653158_1250649408292009,Others
1631679973515917_1631761483507766,Others
1037131409669273_1037373626311718,Others
1250370881653195_1250912298265720,Complaint
1250427041647579_1251276018229348,Others
10153610994732623_10153612441642623,Complaint
147351511955143_1250350138321936,Complaint
10154344080302458_10154348757612458,Others
147351511955143_1250384301651853,Complaint
1631679973515917_1632197543464160,Others
1631679973515917_1631699226847325,Others
1250673948289555_1250880698268880,Others
147351511955143_10209945821623482,Complaint
147351511955143_1250281534995463,Complaint
147351511955143_1250711531619130,Complaint
147351511955143_1250370881653195,Complaint
147351511955143_1250790274944589,Others
1631679973515917_1632158140134767,Others
147351511955143_1250786631611620,Others
147351511955143_258246617891913,Complaint
1250717634951853_1250782781612005,Others
1250673948289555_1250755111614772,Others
1250765331613750_1250806901609593,Others
147351511955143_1250788011611482,Others
1631679973515917_1632436380106943,Others
10154344080302458_10154344204012458,Others
1250742598282690_1253034971386786,Others
147351511955143_1250410501649233,Others
1250371251653158_1250381378318812,Others
1250343738322576_1254523827904567,Others
1250673948289555_1251921334831483,Others
10154344080302458_10154347066972458,Others
1250371251653158_1250662801624003,Complaint
147351511955143_1250789084944708,Others
10153610994732623_10153612961117623,Others
1250655964958020_1250752414948375,Others
147351511955143_1250793224944294,Complaint
1631679973515917_1632134466803801,Others
1631679973515917_1631745250176056,Others
147351511955143_1250371251653158,Complaint
1250509408306009_1250978174925799,Complaint
1631679973515917_1632011720149409,Others
10154344080302458_10154363095637458,Others
147351511955143_1250663858290564,Complaint
1631679973515917_1631701616847086,Others
1250778491612434_1256504007706549,Others
1250427041647579_1251275964896020,Others
147351511955143_114891065614164,Others
147351511955143_1250362521654031,Others
1037131409669273_1037405372975210,Complaint
1631679973515917_1632354670115114,Others
1250804411609842_1250892101601073,Others
10153610994732623_10153613040642623,Complaint
1250395708317379_1250679164955700,Others
1250717634951853_1250720894951527,Others
10153610994732623_10153613098477623,Others
1631679973515917_1631692860181295,Others
1250410501649233_1253181551372128,Others
147351511955143_1250400734983543,Others
1631679973515917_1631768600173721,Complaint
1250673948289555_1251118588245091,Others
1250770944946522_1250822961607987,Others
147351511955143_1250343221655961,Complaint
10154429247702526_10154429473272526,Others
147351511955143_1250639138293036,Complaint
1631679973515917_1633414516675796,Others
1631679973515917_1632770050073576,Others
147351511955143_1250309978325952,Others
1250370881653195_1251291198227830,Others
1050179738350859_1050273691674797,Others
1037131409669273_1037453606303720,Others
1250400734983543_1250681768288773,Others
1631679973515917_1631759870174594,Others
1250657688291181_1251510258205924,Others
1250717634951853_1250724728284477,Others
1250673948289555_1251513991538884,Others
1250801544943462_1252618284761788,Others
1631679973515917_1631682046849043,Others
10153610994732623_10153613873467623,Others
10154344080302458_10154344161637458,Complaint
147351511955143_1250390868317863,Complaint
147351511955143_1250367861653497,Others
1250371251653158_1250376058319344,Complaint
147351511955143_1250443754979241,Complaint
147351511955143_1250313044992312,Complaint
10154344080302458_10154360487072458,Others
1250305544993062_1254119964611620,Others
10204884449109411_10204926303075734,Others
1250737198283230_1251535554870061,Others
147351511955143_1250752108281739,Complaint
1250371251653158_1251067711583512,Others
1250316264991990_1255609164462700,Others
1250657688291181_1252118684811748,Others
10154344080302458_10154360279752458,Others
1631679973515917_1631742256843022,Others
147351511955143_1250791114944505,Complaint
10204884449109411_10204885152326991,Others
1160148960708062_1165629660159992,Complaint
1250765331613750_1254116214611995,Complaint
1250316264991990_1250565931633690,Others
1631679973515917_1632072653476649,Others
1250390868317863_1250391111651172,Others
1160148960708062_1160154740707484,Others
147351511955143_1250316264991990,Complaint
147351511955143_1250330731657210,Others
147351511955143_1250361124987504,Complaint
1631679973515917_1631814993502415,Others
10154344080302458_10154345647677458,Others
1250657688291181_1252280834795533,Others
1250343221655961_1250595621630721,Others
1631679973515917_1631795910170990,Others
10153610994732623_10153613240282623,Others
1250509408306009_1250719678284982,Others
1250361124987504_1250366181653665,Others
1631679973515917_1632217476795500,Others
1631679973515917_1631745783509336,Others
1037131409669273_1037537626295318,Complaint
1250770998279850_1250803581609925,Others
10153610994732623_10153613042072623,Complaint
1037131409669273_1037410352974712,Complaint
10154237160036257_10154237458016257,Others
1250316844991932_1250573711632912,Others
1250801544943462_1252961668060783,Complaint
1250474198309530_1251233264900290,Complaint
147351511955143_1250770164946600,Others
147351511955143_1250748744948742,Others
147351511955143_287531321596070,Others
1250672448289705_1250754638281486,Others
1250316264991990_1252650478091902,Others
1631679973515917_1631774986839749,Others
147351511955143_142742912821346,Others
147351511955143_1250748871615396,Complaint
10154344080302458_10154344302807458,Complaint
1250785844945032_1251485664875050,Others
1250371251653158_1250979238259026,Complaint
1160148960708062_1160481637341461,Others
1250305544993062_1253524984671118,Others
1250657688291181_1252097951480488,Others
1631679973515917_1632096363474278,Others
1631679973515917_1632096030140978,Others
1631679973515917_1631745143509400,Others
1631679973515917_1632186570131924,Others
1631679973515917_1631700563513858,Others
1250742598282690_1250786274944989,Others
1250410501649233_1251930868163863,Others
1250737198283230_1250781104945506,Others
1250785844945032_1251485268208423,Others
10154344080302458_10154344206057458,Others
1250673948289555_1253119758044974,Others
10154344080302458_10154346391677458,Others
147351511955143_1250793424944274,Complaint
1250717634951853_1253008331389450,Others
1250410501649233_1252661094757507,Others
147351511955143_1250381878318762,Others
1631679973515917_1631715886845659,Others
1631679973515917_1631715400179041,Others
1250410501649233_1251115124912104,Others
147351511955143_10154319625249061,Others
1250673948289555_1251803218176628,Others
147351511955143_1250765331613750,Complaint
1250673948289555_1251500654873551,Others
147351511955143_10154237160036257,Complaint
1250795231610760_1250875074936109,Others
1631679973515917_1631722236845024,Others
10154344080302458_10154344130997458,Others
147351511955143_1250314508325499,Complaint
1250316264991990_1250737244949892,Complaint
1250371251653158_1250667611623522,Complaint
1631679973515917_1633132076704040,Others
10154344080302458_10154345168327458,Others
1250316264991990_1251161968240753,Others
1631679973515917_1631709736846274,Others
1250673948289555_1250801128276837,Complaint
1250655964958020_1250751858281764,Others
147351511955143_1250339174989699,Others
1631679973515917_1632085343475380,Complaint
147351511955143_1250770544946562,Complaint
147351511955143_1250343738322576,Complaint
1250404561649827_1250696441620639,Others
1250371251653158_1251351851555098,Others
1631679973515917_1631703730180208,Others
10154344080302458_10154355034562458,Others
10154344080302458_10154344159587458,Others
10154344080302458_10154344834207458,Others
147351511955143_559681710899473,Others
147351511955143_1250355534988063,Complaint
1050179738350859_1050274208341412,Others
1250801544943462_1252278024795814,Others
1250474198309530_1251515808205369,Others
147351511955143_1250405598316390,Complaint
10154429247702526_10154430684362526,Others
1250673948289555_1251567574866859,Others
1250371251653158_1250795328277417,Others
10155092283690884_10155093313595884,Others
1631679973515917_1632064483477466,Others
1250770164946600_1250770974946519,Others
10153610994732623_10153613875512623,Others
10154237160036257_10154237965896257,Others
1631679973515917_1631747120175869,Others
1250793424944274_1253587281331555,Others
1631679973515917_1632455503438364,Others
10153610994732623_10153613267667623,Others
147351511955143_1250340464989570,Others
1631679973515917_1631737623510152,Others
147351511955143_1250404561649827,Complaint
1631679973515917_1632112923472622,Others
1631679973515917_1631742006843047,Others
147351511955143_1099577233456350,Others
1250673948289555_1251570768199873,Others
10153610994732623_10153611102182623,Others
10154344080302458_10154363033542458,Complaint
1250786631611620_1250859451604338,Others
1250786631611620_1250860091604274,Others
147351511955143_1250761878280762,Complaint
1631679973515917_1632435896773658,Others
147351511955143_152611465162718,Others
1250657688291181_1252116504811966,Others
10209945824983566_10209946675684833,Others
1250657688291181_1252004518156498,Others
1631679973515917_1631684313515483,Others
10153610994732623_10153612538842623,Others
1250371251653158_1250802434943373,Complaint
10154344080302458_10154355097497458,Others
147351511955143_10154344080302458,Complaint
1250801544943462_1252997818057168,Others
147351511955143_1250368504986766,Others
1250770944946522_1253519628004987,Others
147351511955143_1250316844991932,Complaint
1250371251653158_1250740664949550,Complaint
147351511955143_1250672448289705,Complaint
1631679973515917_1631713823512532,Others
1250673948289555_1250677634955853,Others
147351511955143_1250804411609842,Complaint
1250657688291181_1251922654831351,Complaint
1250657688291181_1252267228130227,Complaint
1631679973515917_1631744983509416,Others
1160148960708062_1160644140658544,Others
1250737198283230_1251439778212972,Others
1631679973515917_1632074910143090,Others
1250672448289705_1250864318270518,Others
1250793424944274_1253575441332739,Others
1250786631611620_1250987078258242,Others
147351511955143_1250742641616019,Others
1250371251653158_1250746401615643,Others
1250305544993062_1254119597944990,Others
147351511955143_1250754258281524,Complaint
1631679973515917_1632103066806941,Others
1250673948289555_1251568018200148,Others
10154429247702526_10154429377382526,Others
1631679973515917_1632163700134211,Others
147351511955143_1250305544993062,Complaint
147351511955143_1250778491612434,Complaint
1631679973515917_1632175163466398,Others
1631679973515917_1632033270147254,Others
1631679973515917_1632568573427057,Others
1631679973515917_1631729913510923,Others
1631679973515917_1631696210180960,Others
10154344080302458_10154347494737458,Complaint
10154344080302458_10154347514777458,Others
1631679973515917_1632078436809404,Others
10154344080302458_10154344142892458,Others
1631679973515917_1631683773515537,Others
147351511955143_1250770998279850,Complaint
1250153308341619_1250711654952451,Others
147351511955143_10153610994732623,Complaint
1250673948289555_1250803348276615,Complaint
1631679973515917_1632042216813026,Others
1250361124987504_1250379541652329,Others
147351511955143_1250343261655957,Others
10154344080302458_10154346603687458,Others
1631679973515917_1631699456847302,Others
1250316264991990_1251507291539554,Others
1250404561649827_1250816104942006,Others
1250765331613750_1254155134608103,Others
1631679973515917_1631744316842816,Others
147351511955143_287531504929385,Others
147351511955143_1037131409669273,Complaint
1250657688291181_1254787997878150,Complaint
1250673948289555_1251188001571483,Others
1250371251653158_1250648114958805,Complaint
147351511955143_10154429247702526,Complaint
147351511955143_179057862508816,Others
10204884449109411_10204885758102135,Others
1250108061679477_1250753258281624,Others
1631679973515917_1631811020169479,Others
1250717634951853_1250739018283048,Others
147351511955143_1250373204986296,Complaint
1250795268277423_1250867708270179,Others
1250737198283230_1251153648241585,Others
1250785844945032_1250857741604509,Others
1250742598282690_1253051534718463,Others
147351511955143_1725877351000126,Others
10154344080302458_10154363224887458,Others
1631679973515917_1631700260180555,Others
1631679973515917_1631681510182430,Others
1631679973515917_1631715213512393,Others
1250673948289555_1251124581577825,Others
